<keymap version="1" name="Mac OS X 10.5+ copy" parent="Mac OS X 10.5+">
  <action id="Arrangement.Alias.Rule.Match.Condition.Move.Up" />
  <action id="Arrangement.Rule.Match.Condition.Move.Down" />
  <action id="Arrangement.Rule.Match.Condition.Move.Up" />
  <action id="ChangesView.GroupBy.Directory" />
  <action id="EditorDuplicate">
    <keyboard-shortcut first-keystroke="shift meta down" />
  </action>
  <action id="EditorSelectWord" />
  <action id="EditorUnSelectWord" />
  <action id="FileChooser.TogglePathShowing" />
  <action id="GotoFile">
    <keyboard-shortcut first-keystroke="meta p" />
  </action>
  <action id="GotoSymbol">
    <keyboard-shortcut first-keystroke="meta r" />
  </action>
  <action id="IncrementWindowHeight" />
  <action id="MethodOverloadSwitchDown" />
  <action id="MethodOverloadSwitchUp" />
  <action id="MoveStatementDown">
    <keyboard-shortcut first-keystroke="alt down" />
  </action>
  <action id="MoveStatementUp">
    <keyboard-shortcut first-keystroke="alt up" />
  </action>
  <action id="ParameterInfo" />
  <action id="Refresh" />
  <action id="Replace" />
  <action id="ReplaceInPath" />
  <action id="Rerun" />
  <action id="ResizeToolWindowDown" />
  <action id="SelectInProjectView">
    <keyboard-shortcut first-keystroke="shift meta r" />
  </action>
  <action id="ShowSearchHistory" />
  <action id="SmartSelect" />
  <action id="TodoViewGroupByShowPackages" />
  <action id="Vcs.Log.Refresh" />
  <action id="hg4idea.QRefresh" />
</keymap>